recipe_id,title,ingredients,instructions
1,Garlic Chicken and Broccoli,"chicken breast, broccoli, garlic, olive oil, salt, black pepper",Cut chicken into pieces. Saute garlic in olive oil. Add chicken and cook thoroughly. Add broccoli and cook until tender. Season with salt and black pepper.
2,Creamy Garlic Chicken,"chicken breast, garlic, cream, butter, onion, salt, black pepper",Cook onion and garlic in butter. Add chicken and cook through. Stir in cream and simmer. Season with salt and pepper.
3,Chicken Broccoli Stir Fry,"chicken, broccoli, soy sauce, garlic, ginger, sesame oil",Stir fry chicken with garlic and ginger. Add broccoli. Add soy sauce and sesame oil. Cook until vegetables are crisp-tender.
4,Garlic Butter Pasta,"pasta, garlic, butter, parmesan cheese, parsley, salt, black pepper","Cook pasta. Melt butter and saute garlic. Toss with pasta, parmesan and parsley. Season to taste."
5,Vegetable Fried Rice,"rice, broccoli, carrot, peas, garlic, soy sauce, onion, oil","Saute onion, garlic and vegetables. Add cooked rice and soy sauce. Stir fry until hot."
6,Chicken Tomato Curry,"chicken, tomato, onion, garlic, ginger, turmeric, chili powder, oil, salt","Saute onion, garlic and ginger. Add spices and tomatoes. Add chicken and cook until tender."
7,Broccoli Cheese Soup,"broccoli, milk, cheddar cheese, onion, garlic, butter, flour, salt",Cook onion and garlic in butter. Add flour and milk. Add broccoli and simmer. Stir in cheddar cheese.
8,Garlic Vegetable Noodles,"noodles, broccoli, carrot, garlic, cabbage, soy sauce, sesame oil","Cook noodles. Stir fry garlic and vegetables. Add noodles, soy sauce and sesame oil. Toss well."
9,Simple Chicken Salad,"chicken, lettuce, tomato, cucumber, onion, olive oil, lemon, salt",Cook and slice chicken. Chop vegetables. Combine all ingredients and dress with olive oil and lemon.
10,Garlic Potato Roast,"potato, garlic, olive oil, rosemary, salt, black pepper","Cut potatoes. Toss with garlic, oil and seasonings. Roast until golden and crisp."
